<?xml version="1.0" encoding="UTF-8" ?>
<XMLDB PATH="local/digitalsignature/db" VERSION="20200729" COMMENT="XMLDB file for Moodle local/digitalsignature"
    xmlns:xsi="http://www.w3.org/2001/XMLSchema-instance"
    xsi:noNamespaceSchemaLocation="../../../lib/xmldb/xmldb.xsd"
>
  <TABLES>
    <TABLE NAME="ds_config" COMMENT="Configuration for DocuSign including the access tokens">
      <FIELDS>
        <FIELD NAME="id" TYPE="int" LENGTH="10" NOTNULL="true" SEQUENCE="true"/>
        <FIELD NAME="ds_access_token" TYPE="char" LENGTH="1024" NOTNULL="false" SEQUENCE="false"/>
        <FIELD NAME="ds_refresh_token" TYPE="char" LENGTH="1024" NOTNULL="false" SEQUENCE="false"/>
        <FIELD NAME="ds_expiration" TYPE="int" LENGTH="10" NOTNULL="false" SEQUENCE="false"/>
        <FIELD NAME="ds_user_name" TYPE="char" LENGTH="255" NOTNULL="false" SEQUENCE="false"/>
        <FIELD NAME="ds_user_email" TYPE="char" LENGTH="255" NOTNULL="false" SEQUENCE="false"/>
        <FIELD NAME="ds_account_id" TYPE="char" LENGTH="455" NOTNULL="false" SEQUENCE="false"/>
        <FIELD NAME="ds_account_name" TYPE="char" LENGTH="455" NOTNULL="false" SEQUENCE="false"/>
        <FIELD NAME="ds_base_path" TYPE="char" LENGTH="455" NOTNULL="false" SEQUENCE="false"/>
        <FIELD NAME="ds_client_id" TYPE="char" LENGTH="255" NOTNULL="false" SEQUENCE="false"/>
        <FIELD NAME="ds_client_secret" TYPE="char" LENGTH="255" NOTNULL="false" SEQUENCE="false"/>
        <FIELD NAME="app_url" TYPE="char" LENGTH="1024" NOTNULL="false" SEQUENCE="false"/>
        <FIELD NAME="authorization_server" TYPE="char" LENGTH="455" NOTNULL="false" SEQUENCE="false"/>
        <FIELD NAME="usermodified" TYPE="int" LENGTH="10" NOTNULL="true" DEFAULT="0" SEQUENCE="false"/>
        <FIELD NAME="timecreated" TYPE="int" LENGTH="10" NOTNULL="true" DEFAULT="0" SEQUENCE="false"/>
        <FIELD NAME="timemodified" TYPE="int" LENGTH="10" NOTNULL="true" DEFAULT="0" SEQUENCE="false"/>
      </FIELDS>
      <KEYS>
        <KEY NAME="primary" TYPE="primary" FIELDS="id"/>
        <KEY NAME="usermodified" TYPE="foreign" FIELDS="usermodified" REFTABLE="user" REFFIELDS="id"/>
      </KEYS>
    </TABLE>
  </TABLES>
</XMLDB>